tsunami,avg_magnitude
1,6.938486842105262
0,6.942803347280323
